"0","24","38"
"0","23","30"
"0","10","32"
"0","0","3"
"0","5","34"
"0","2","26"
"0","35","11"
"0","28","1"
"0","34","19"
"0","18","8"
"0","15","39"
"0","21","11"
"0","29","38"
"0","16","23"
"0","19","17"
"0","22","30"
"0","1","5"
"0","4","36"
"0","27","11"
"0","12","9"
"0","11","17"
"0","9","27"
"0","14","19"
"0","6","21"
"0","26","25"
"0","17","6"
"0","13","16"
"0","33","13"
"0","32","2"
"0","25","15"
"0","31","14"
"0","7","4"
"0","8","26"
"0","30","29"
"0","3","14"
"1","34","33"
"1","33","4"
"1","4","34"
"1","15","35"
"1","29","14"
"1","9","10"
"1","10","38"
"1","14","31"
"1","22","30"
"1","28","8"
"1","11","10"
"1","23","31"
"1","2","23"
"1","27","23"
"1","31","33"
"1","32","6"
"1","25","7"
"1","19","37"
"1","1","32"
"1","7","28"
"1","13","23"
"1","8","12"
"1","26","3"
"1","5","25"
"1","3","7"
"1","17","7"
"1","12","31"
"1","16","5"
"1","18","12"
"1","30","9"
"1","21","19"
"1","0","5"
"1","24","27"
"1","20","17"
"2","7","21"
"2","5","11"
"2","87","12"
"2","60","1"
"2","58","15"
"2","50","12"
"2","45","28"
"2","85","19"
"2","4","28"
"2","76","31"
"2","66","24"
"2","51","7"
"2","90","7"
"2","12","23"
"2","63","35"
"2","57","14"
"2","34","14"
"2","13","2"
"2","31","18"
"2","79","23"
"2","32","21"
"2","92","4"
"2","36","19"
"2","41","15"
"2","62","17"
"2","19","34"
"2","46","10"
"2","75","21"
"2","42","28"
"2","2","30"
"2","28","35"
"2","48","26"
"2","93","21"
"2","1","11"
"2","55","6"
"2","15","11"
"2","49","25"
"2","3","40"
"2","27","5"
"2","68","7"
"2","78","23"
"2","44","40"
"2","23","26"
"2","88","10"
"2","11","17"
"2","59","39"
"2","73","24"
"2","35","22"
"2","91","24"
"2","77","37"
"2","54","17"
"2","40","27"
"2","39","34"
"2","96","27"
"2","67","6"
"2","38","8"
"2","84","39"
"2","80","36"
"2","64","31"
"2","74","30"
"2","47","16"
"2","81","22"
"2","0","8"
"2","86","39"
"2","82","39"
"2","16","13"
"2","20","22"
"2","53","33"
"2","56","14"
"2","61","33"
"2","43","12"
"2","29","35"
"2","69","34"
"2","30","22"
"2","18","16"
"2","33","1"
"2","70","21"
"2","71","30"
"2","72","6"
"2","14","25"
"2","9","9"
"2","37","20"
"2","26","33"
"2","22","7"
"2","24","23"
"2","83","21"
"2","17","28"
"2","21","10"
"2","95","27"
"2","65","32"
"2","10","26"
"2","8","21"
"2","94","4"
"2","89","7"
"2","6","36"
"2","25","3"
"3","72","36"
"3","58","40"
"3","70","19"
"3","74","35"
"3","9","32"
"3","7","3"
"3","41","30"
"3","39","36"
"3","44","31"
"3","30","5"
"3","85","26"
"3","24","16"
"3","3","7"
"3","77","39"
"3","68","5"
"3","53","31"
"3","22","35"
"3","49","12"
"3","17","9"
"3","34","12"
"3","84","31"
"3","18","10"
"3","82","3"
"3","63","9"
"3","0","31"
"3","25","9"
"3","55","4"
"3","57","22"
"3","27","19"
"3","76","36"
"3","83","10"
"3","65","0"
"3","50","4"
"3","45","12"
"3","12","32"
"3","80","5"
"3","69","1"
"3","37","8"
"3","46","34"
"3","73","12"
"3","4","30"
"3","79","7"
"3","54","18"
"3","33","33"
"3","43","9"
"3","38","38"
"3","35","2"
"3","1","16"
"3","42","36"
"3","31","22"
"3","28","7"
"3","67","39"
"3","19","16"
"3","78","33"
"3","61","3"
"3","2","17"
"3","62","23"
"3","66","37"
"3","64","28"
"3","16","5"
"3","71","29"
"3","26","19"
"3","51","29"
"3","15","30"
"3","32","32"
"3","8","21"
"3","14","2"
"3","81","16"
"3","75","22"
"3","60","26"
"3","59","18"
"3","23","12"
"3","48","16"
"3","10","5"
"3","20","22"
"3","11","14"
"3","40","29"
"3","13","9"
"3","6","38"
"3","47","20"
"3","21","27"
"3","5","30"
"3","29","15"
"3","36","34"
"3","56","38"
"4","1","36"
"5","3","21"
"5","2","14"
"5","6","9"
"5","4","11"
"5","7","30"
"5","0","33"
"5","1","32"
"6","73","1"
"6","91","3"
"6","94","32"
"6","33","33"
"6","71","12"
"6","40","33"
"6","5","28"
"6","81","17"
"6","98","29"
"6","58","5"
"6","95","37"
"6","72","12"
"6","20","32"
"6","18","35"
"6","36","2"
"6","22","31"
"6","64","29"
"6","63","28"
"6","96","13"
"6","32","38"
"6","23","12"
"6","28","5"
"6","65","27"
"6","21","22"
"6","75","38"
"6","16","14"
"6","0","1"
"6","19","28"
"6","56","19"
"6","44","37"
"6","35","25"
"6","61","8"
"6","17","36"
"6","66","24"
"6","90","32"
"6","47","29"
"6","89","9"
"6","92","10"
"6","54","24"
"6","45","1"
"6","24","28"
"6","6","4"
"6","31","16"
"6","46","12"
"6","77","3"
"6","8","40"
"6","83","8"
"6","74","40"
"6","42","16"
"6","87","27"
"6","10","10"
"6","53","11"
"6","29","10"
"6","86","9"
"6","4","14"
"6","84","40"
"6","11","9"
"6","13","28"
"6","34","13"
"6","9","37"
"6","7","31"
"6","43","37"
"6","52","33"
"6","97","14"
"6","93","31"
"6","37","36"
"6","39","36"
"6","85","8"
"6","3","33"
"6","49","36"
"6","12","11"
"6","59","15"
"6","25","2"
"6","57","15"
"6","78","25"
"6","26","12"
"6","70","31"
"6","80","7"
"6","50","8"
"6","76","30"
"6","38","25"
"6","68","28"
"6","14","17"
"6","15","24"
"6","60","21"
"6","88","27"
"6","41","11"
"6","27","11"
"6","51","3"
"6","1","24"
"6","67","32"
"6","82","28"
"6","48","21"
"6","79","13"
"6","2","31"
"6","30","33"
"6","69","26"
"6","55","34"
"7","18","2"
"7","24","31"
"7","8","0"
"7","20","34"
"7","23","12"
"7","19","1"
"7","7","0"
"7","3","20"
"7","26","26"
"7","22","3"
"7","6","10"
"7","21","3"
"7","12","27"
"7","13","3"
"7","14","11"
"7","4","34"
"7","1","40"
"7","15","14"
"7","2","28"
"7","16","19"
"7","0","5"
"7","9","12"
"7","11","40"
"7","25","15"
"7","10","31"
"7","5","17"
"8","72","39"
"8","5","40"
"8","60","11"
"8","44","10"
"8","83","36"
"8","77","23"
"8","41","28"
"8","85","22"
"8","28","3"
"8","56","21"
"8","17","25"
"8","35","25"
"8","26","0"
"8","18","33"
"8","4","12"
"8","51","31"
"8","82","36"
"8","86","3"
"8","65","25"
"8","24","19"
"8","23","18"
"8","29","2"
"8","42","6"
"8","55","24"
"8","84","23"
"8","45","28"
"8","22","38"
"8","64","36"
"8","43","18"
"8","1","29"
"8","75","1"
"8","19","30"
"8","39","22"
"8","2","1"
"8","30","4"
"8","53","30"
"8","27","10"
"8","61","19"
"8","59","17"
"8","76","8"
"8","74","37"
"8","15","14"
"8","67","39"
"8","6","25"
"8","38","18"
"8","71","28"
"8","66","21"
"8","79","40"
"8","7","12"
"8","69","8"
"8","12","7"
"8","37","7"
"8","58","5"
"8","11","37"
"8","78","31"
"8","36","19"
"8","81","3"
"8","33","25"
"8","8","38"
"8","46","5"
"8","14","39"
"8","21","3"
"8","80","18"
"8","57","22"
"8","73","5"
"8","25","21"
"8","47","6"
"8","62","22"
"8","48","31"
"8","0","22"
"8","10","32"
"8","13","38"
"8","34","22"
"8","31","6"
"8","9","19"
"8","52","12"
"8","49","0"
"8","16","9"
"8","70","1"
"8","32","11"
"8","40","11"
"8","63","10"
"8","68","28"
"8","3","28"
"8","50","12"
"8","54","13"
"9","28","20"
"9","46","15"
"9","14","12"
"9","45","37"
"9","15","9"
"9","10","17"
"9","13","16"
"9","31","11"
"9","48","8"
"9","24","8"
"9","19","23"
"9","37","16"
"9","18","26"
"9","21","32"
"9","26","1"
"9","29","20"
"9","1","13"
"9","32","17"
"9","38","19"
"9","42","33"
"9","50","5"
"9","52","15"
"9","12","36"
"9","47","21"
"9","25","33"
"9","16","40"
"9","36","5"
"9","17","39"
"9","20","22"
"9","7","40"
"9","35","3"
"9","2","5"
"9","40","32"
"9","11","8"
"9","8","39"
"9","43","3"
"9","54","2"
"9","41","25"
"9","6","5"
"9","27","29"
"9","0","18"
"9","22","2"
"9","44","19"
"9","5","6"
"9","23","40"
"9","4","14"
"9","9","20"
"9","51","20"
"9","34","35"
"9","49","16"
"9","3","5"
"9","39","7"
"9","30","30"
"9","53","14"
"10","61","26"
"10","25","3"
"10","48","3"
"10","62","13"
"10","74","39"
"10","46","30"
"10","59","6"
"10","22","28"
"10","97","12"
"10","53","15"
"10","26","17"
"10","1","40"
"10","58","35"
"10","81","14"
"10","33","37"
"10","38","29"
"10","84","1"
"10","47","14"
"10","79","0"
"10","41","23"
"10","91","3"
"10","92","0"
"10","10","18"
"10","85","32"
"10","16","20"
"10","42","0"
"10","35","22"
"10","27","36"
"10","12","11"
"10","80","36"
"10","3","21"
"10","88","19"
"10","60","25"
"10","56","28"
"10","67","22"
"10","7","9"
"10","28","39"
"10","83","9"
"10","39","39"
"10","11","10"
"10","5","23"
"10","21","13"
"10","14","16"
"10","37","38"
"10","76","3"
"10","50","12"
"10","72","1"
"10","78","20"
"10","9","37"
"10","63","31"
"10","87","28"
"10","6","9"
"10","57","4"
"10","96","40"
"10","54","24"
"10","89","39"
"10","94","18"
"10","29","12"
"10","13","0"
"10","20","21"
"10","17","31"
"10","55","12"
"10","31","22"
"10","75","37"
"10","82","29"
"10","18","29"
"10","73","31"
"10","2","5"
"10","8","24"
"10","68","2"
"10","86","37"
"10","30","39"
"10","34","1"
"10","52","30"
"10","66","6"
"10","4","4"
"10","32","20"
"10","93","0"
"10","36","19"
"10","69","6"
"10","23","15"
"10","24","4"
"10","49","19"
"10","15","32"
"10","70","34"
"10","40","10"
"10","0","30"
"10","51","15"
"10","19","16"
"10","95","6"
"10","43","10"
"10","71","26"
"10","77","27"
"10","64","15"
"10","44","16"
"10","65","9"
"10","90","36"
"11","0","13"
"11","18","26"
"11","27","6"
"11","4","15"
"11","3","3"
"11","15","10"
"11","2","16"
"11","19","7"
"11","11","19"
"11","16","5"
"11","22","40"
"11","24","37"
"11","26","30"
"11","17","32"
"11","25","25"
"11","6","36"
"11","21","40"
"11","10","21"
"11","20","26"
"11","13","4"
"11","9","13"
"11","7","17"
"11","23","27"
"11","14","0"
"11","1","6"
"11","12","30"
"11","8","29"
"12","1","39"
"12","4","8"
"12","5","38"
"12","2","30"
"12","0","6"
"13","29","39"
"13","13","17"
"13","27","12"
"13","30","31"
"13","18","35"
"13","5","38"
"13","0","20"
"13","32","0"
"13","22","34"
"13","17","36"
"13","28","35"
"13","26","22"
"13","4","35"
"13","1","6"
"13","15","5"
"13","14","11"
"13","24","17"
"13","16","37"
"13","11","21"
"13","31","20"
"13","23","17"
"13","12","14"
"13","10","10"
"13","19","26"
"13","8","16"
"13","7","2"
"13","20","22"
"13","2","38"
"13","3","2"
"13","6","25"
"13","25","19"
"13","21","9"
"14","0","3"
"14","1","35"
"14","3","25"
"15","73","29"
"15","19","7"
"15","60","24"
"15","49","27"
"15","22","2"
"15","65","33"
"15","42","16"
"15","2","20"
"15","7","35"
"15","55","21"
"15","8","29"
"15","43","17"
"15","11","0"
"15","12","13"
"15","31","24"
"15","28","30"
"15","51","25"
"15","14","38"
"15","21","27"
"15","24","18"
"15","80","0"
"15","41","37"
"15","53","15"
"15","26","0"
"15","64","4"
"15","4","38"
"15","52","30"
"15","23","19"
"15","3","23"
"15","44","6"
"15","67","30"
"15","58","16"
"15","9","15"
"15","81","34"
"15","66","6"
"15","32","12"
"15","30","9"
"15","38","2"
"15","0","8"
"15","61","30"
"15","72","13"
"15","50","37"
"15","13","3"
"15","6","37"
"15","68","4"
"15","75","0"
"15","25","4"
"15","59","14"
"15","70","30"
"15","20","21"
"15","45","14"
"15","37","30"
"15","1","32"
"15","69","17"
"15","35","30"
"15","48","24"
"15","36","19"
"15","74","39"
"15","33","26"
"15","57","20"
"15","29","32"
"15","63","19"
"15","47","7"
"15","46","18"
"15","17","40"
"15","54","26"
"15","82","39"
"15","56","19"
"15","39","38"
"15","78","7"
"15","10","4"
"15","83","38"
"15","18","40"
"15","71","15"
"15","34","21"
"15","77","30"
"15","62","24"
"15","5","38"
"15","40","40"
"15","27","22"
"15","15","32"
"15","16","23"
"15","76","36"
"16","43","16"
"16","44","21"
"16","19","27"
"16","47","33"
"16","26","34"
"16","28","40"
"16","49","2"
"16","25","20"
"16","45","9"
"16","14","28"
"16","8","7"
"16","55","12"
"16","29","3"
"16","30","37"
"16","3","3"
"16","56","32"
"16","32","15"
"16","27","19"
"16","31","22"
"16","20","10"
"16","53","19"
"16","0","11"
"16","18","23"
"16","21","9"
"16","46","38"
"16","41","15"
"16","38","23"
"16","10","9"
"16","22","33"
"16","33","17"
"16","40","34"
"16","5","0"
"16","17","8"
"16","24","38"
"16","7","8"
"16","54","8"
"16","52","26"
"16","50","30"
"16","48","3"
"16","6","33"
"16","42","8"
"16","15","35"
"16","37","11"
"16","11","22"
"16","35","23"
"16","13","22"
"16","9","0"
"16","39","11"
"16","51","6"
"16","16","8"
"16","23","14"
"16","4","13"
"16","2","24"
"16","36","24"
"16","34","27"
"16","1","14"
"17","30","4"
"17","27","23"
"17","23","20"
"17","25","4"
"17","10","2"
"17","19","24"
"17","33","10"
"17","18","30"
"17","12","17"
"17","28","10"
"17","11","22"
"17","16","10"
"17","31","11"
"17","36","23"
"17","0","12"
"17","13","3"
"17","21","16"
"17","26","8"
"17","6","20"
"17","5","7"
"17","24","39"
"17","15","17"
"17","4","30"
"17","3","17"
"17","9","31"
"17","2","2"
"17","35","12"
"17","22","30"
"17","8","24"
"17","29","16"
"17","34","26"
"17","7","36"
"17","1","25"
"17","17","20"
"17","14","21"
"17","32","39"
"18","22","27"
"18","38","24"
"18","39","7"
"18","15","33"
"18","31","39"
"18","24","4"
"18","19","20"
"18","27","2"
"18","20","19"
"18","17","36"
"18","2","20"
"18","3","1"
"18","33","23"
"18","46","25"
"18","28","24"
"18","37","37"
"18","36","3"
"18","13","38"
"18","12","4"
"18","29","24"
"18","41","8"
"18","47","35"
"18","45","4"
"18","35","16"
"18","23","5"
"18","1","12"
"18","4","7"
"18","0","10"
"18","32","3"
"18","7","1"
"18","14","38"
"18","34","9"
"18","9","30"
"18","10","38"
"18","42","22"
"18","21","24"
"18","40","27"
"18","43","36"
"18","25","6"
"18","44","27"
"18","26","4"
"18","11","37"
"18","8","13"
"18","48","35"
"18","6","26"
"18","5","23"
"18","18","2"
"18","16","5"
"19","10","10"
"19","2","14"
"19","9","35"
"19","6","29"
"19","7","4"
"19","1","6"
"19","3","7"
"19","0","27"
"19","5","19"
"19","4","22"
"20","30","30"
"20","66","23"
"20","73","32"
"20","4","40"
"20","72","27"
"20","70","19"
"20","14","34"
"20","0","3"
"20","23","40"
"20","2","4"
"20","44","4"
"20","6","5"
"20","50","36"
"20","48","24"
"20","69","13"
"20","47","8"
"20","24","38"
"20","32","31"
"20","59","16"
"20","63","28"
"20","35","18"
"20","64","26"
"20","26","5"
"20","3","40"
"20","38","21"
"20","34","16"
"20","41","40"
"20","18","39"
"20","46","15"
"20","11","30"
"20","51","18"
"20","43","22"
"20","56","14"
"20","60","7"
"20","16","30"
"20","75","28"
"20","10","2"
"20","52","29"
"20","37","14"
"20","39","38"
"20","9","21"
"20","61","12"
"20","31","4"
"20","15","26"
"20","74","30"
"20","19","24"
"20","53","17"
"20","33","12"
"20","49","26"
"20","55","17"
"20","68","32"
"20","1","2"
"20","17","4"
"20","25","22"
"20","54","30"
"20","7","10"
"20","22","6"
"20","29","0"
"20","13","9"
"20","67","16"
"20","57","29"
"20","20","30"
"20","42","22"
"20","27","25"
"20","45","33"
"20","36","6"
"20","12","40"
"20","58","36"
"20","21","40"
"20","65","13"
"20","28","34"
"20","8","14"
"20","40","29"
"20","71","10"
"20","62","29"
"22","12","13"
"22","3","29"
"22","15","16"
"22","1","36"
"22","16","29"
"22","17","17"
"22","7","37"
"22","18","1"
"22","14","35"
"22","4","34"
"22","2","36"
"22","11","12"
"22","5","38"
"22","8","8"
"22","20","35"
"22","9","26"
"22","19","32"
"22","6","13"
"22","0","37"
"22","13","4"
"23","18","11"
"23","16","28"
"23","15","28"
"23","1","35"
"23","19","21"
"23","3","4"
"23","11","4"
"23","7","34"
"23","6","37"
"23","10","8"
"23","13","16"
"23","5","14"
"23","8","31"
"23","4","15"
"23","0","0"
"23","12","36"
"23","2","19"
"23","9","34"
"23","20","36"
"23","14","1"
"24","21","14"
"24","23","20"
"24","18","24"
"24","19","38"
"24","38","16"
"24","12","33"
"24","47","39"
"24","45","3"
"24","39","20"
"24","26","29"
"24","9","29"
"24","17","5"
"24","32","39"
"24","28","2"
"24","29","1"
"24","1","15"
"24","35","27"
"24","2","4"
"24","30","36"
"24","11","8"
"24","34","32"
"24","24","35"
"24","27","31"
"24","43","14"
"24","31","3"
"24","20","6"
"24","33","22"
"24","0","31"
"24","49","34"
"24","7","19"
"24","22","6"
"24","40","0"
"24","5","38"
"24","3","11"
"24","10","5"
"24","42","24"
"24","37","16"
"24","4","0"
"24","16","0"
"24","25","5"
"24","41","39"
"24","14","13"
"24","48","33"
"24","15","10"
"24","6","36"
"24","44","34"
"24","13","24"
"24","46","27"
"24","8","22"
"25","49","37"
"25","5","5"
"25","22","40"
"25","45","37"
"25","53","26"
"25","9","8"
"25","43","24"
"25","36","32"
"25","54","37"
"25","31","19"
"25","33","14"
"25","7","31"
"25","34","9"
"25","25","30"
"25","8","20"
"25","55","33"
"25","19","17"
"25","30","11"
"25","17","24"
"25","48","14"
"25","14","24"
"25","28","13"
"25","51","13"
"25","1","13"
"25","26","5"
"25","24","11"
"25","3","9"
"25","2","6"
"25","39","22"
"25","32","24"
"25","27","24"
"25","52","21"
"25","12","12"
"25","42","10"
"25","18","3"
"25","6","14"
"25","35","32"
"25","57","6"
"25","41","15"
"25","23","12"
"25","20","3"
"25","4","27"
"25","56","34"
"25","50","23"
"25","11","8"
"25","38","23"
"25","21","40"
"25","15","39"
"25","29","31"
"25","13","0"
"25","16","13"
"25","46","21"
"25","44","14"
"25","40","17"
"25","47","31"
"25","10","0"
"25","0","30"
"26","7","38"
"26","10","13"
"26","20","9"
"26","24","27"
"26","18","34"
"26","25","7"
"26","21","19"
"26","13","11"
"26","2","13"
"26","12","19"
"26","5","13"
"26","22","19"
"26","23","8"
"26","4","23"
"26","14","10"
"26","11","35"
"26","6","31"
"26","9","15"
"26","1","18"
"26","17","10"
"26","28","27"
"26","26","16"
"26","27","24"
"26","3","32"
"26","15","21"
"26","0","18"
"26","8","0"
"26","16","30"
"27","11","24"
"27","32","26"
"27","24","38"
"27","68","32"
"27","6","33"
"27","63","28"
"27","36","27"
"27","55","4"
"27","30","19"
"27","69","10"
"27","22","32"
"27","13","36"
"27","7","39"
"27","45","17"
"27","4","20"
"27","18","35"
"27","5","13"
"27","10","22"
"27","60","38"
"27","48","8"
"27","61","6"
"27","17","24"
"27","28","36"
"27","3","30"
"27","37","13"
"27","25","7"
"27","34","40"
"27","59","1"
"27","9","22"
"27","67","20"
"27","2","23"
"27","43","23"
"27","23","12"
"27","52","4"
"27","71","14"
"27","20","11"
"27","38","20"
"27","21","28"
"27","8","19"
"27","15","12"
"27","35","5"
"27","56","37"
"27","66","22"
"27","44","36"
"27","40","18"
"27","33","40"
"27","19","38"
"27","31","22"
"27","53","35"
"27","70","15"
"27","14","10"
"27","72","32"
"27","57","38"
"27","64","28"
"27","29","26"
"27","12","37"
"27","1","1"
"27","27","24"
"27","26","19"
"27","47","40"
"27","51","12"
"27","49","20"
"27","0","26"
"27","50","21"
"27","16","36"
"27","62","11"
"27","41","7"
"27","73","3"
"27","54","33"
"27","58","40"
"27","46","23"
"27","42","27"
"27","39","37"
"28","1","2"
"28","10","4"
"28","9","14"
"28","5","30"
"28","6","33"
"28","11","31"
"28","2","31"
"28","7","39"
"28","8","24"
"28","4","15"
"28","0","1"
"29","6","30"
"29","0","34"
"29","30","19"
"29","15","13"
"29","32","19"
"29","31","5"
"29","20","36"
"29","14","6"
"29","24","31"
"29","26","34"
"29","12","35"
"29","2","15"
"29","40","18"
"29","8","13"
"29","4","5"
"29","19","7"
"29","10","10"
"29","3","21"
"29","11","35"
"29","7","19"
"29","17","9"
"29","33","6"
"29","9","0"
"29","21","33"
"29","18","0"
"29","38","30"
"29","34","6"
"29","13","17"
"29","5","35"
"29","35","33"
"29","37","4"
"29","27","28"
"29","29","33"
"29","36","37"
"29","39","8"
"29","22","27"
"29","28","1"
"29","23","18"
"29","16","0"
"29","1","34"
"30","19","32"
"30","28","38"
"30","22","36"
"30","0","33"
"30","6","8"
"30","9","2"
"30","14","26"
"30","31","26"
"30","37","33"
"30","34","32"
"30","24","17"
"30","18","4"
"30","27","4"
"30","8","0"
"30","36","3"
"30","29","9"
"30","25","35"
"30","11","11"
"30","23","3"
"30","26","38"
"30","32","8"
"30","15","5"
"30","17","26"
"30","5","22"
"30","16","19"
"30","12","36"
"30","21","40"
"30","13","26"
"30","3","10"
"30","30","37"
"30","2","9"
"30","33","2"
"30","7","30"
"30","20","3"
"30","10","17"
"30","1","40"
"30","35","19"
"31","3","36"
"31","0","25"
"31","4","30"
"31","7","7"
"31","8","40"
"31","2","24"
"31","12","9"
"31","6","28"
"31","14","30"
"31","13","17"
"31","18","17"
"31","10","15"
"31","16","7"
"31","15","26"
"31","1","2"
"31","5","36"
"31","17","13"
"31","11","39"
"31","9","25"
"32","77","6"
"32","4","3"
"32","85","24"
"32","72","11"
"32","8","29"
"32","26","34"
"32","22","0"
"32","75","12"
"32","62","14"
"32","49","39"
"32","27","23"
"32","90","3"
"32","2","28"
"32","87","9"
"32","40","25"
"32","80","4"
"32","38","1"
"32","31","7"
"32","39","36"
"32","48","35"
"32","46","11"
"32","34","2"
"32","71","34"
"32","14","0"
"32","25","0"
"32","20","40"
"32","58","20"
"32","45","10"
"32","3","5"
"32","13","21"
"32","0","31"
"32","66","28"
"32","74","9"
"32","52","6"
"32","42","30"
"32","30","14"
"32","69","33"
"32","92","0"
"32","7","13"
"32","67","28"
"32","6","34"
"32","65","5"
"32","51","2"
"32","54","38"
"32","84","23"
"32","32","15"
"32","21","30"
"32","18","8"
"32","23","0"
"32","5","11"
"32","79","38"
"32","76","29"
"32","41","9"
"32","44","7"
"32","86","16"
"32","57","35"
"32","36","26"
"32","19","19"
"32","24","14"
"32","15","30"
"32","29","34"
"32","53","14"
"32","83","35"
"32","12","20"
"32","89","30"
"32","50","27"
"32","60","36"
"32","16","5"
"32","78","33"
"32","37","16"
"32","68","39"
"32","64","21"
"32","59","1"
"32","73","36"
"32","70","37"
"32","61","27"
"32","81","1"
"32","56","25"
"32","28","23"
"32","43","15"
"32","9","37"
"32","55","14"
"32","11","9"
"32","88","36"
"32","17","33"
"32","63","37"
"32","33","29"
"32","47","4"
"32","82","19"
"32","35","2"
"32","1","21"
"32","91","16"
"33","17","22"
"33","7","32"
"33","13","13"
"33","8","38"
"33","4","24"
"33","14","27"
"33","12","2"
"33","1","16"
"33","5","4"
"33","0","36"
"33","10","4"
"33","9","28"
"33","11","23"
"33","16","1"
"33","3","37"
"33","6","14"
"33","15","18"
"34","75","18"
"34","36","39"
"34","70","15"
"34","25","20"
"34","78","25"
"34","38","15"
"34","51","15"
"34","72","11"
"34","5","4"
"34","77","1"
"34","63","11"
"34","73","0"
"34","37","11"
"34","47","0"
"34","9","37"
"34","66","17"
"34","56","0"
"34","52","27"
"34","17","37"
"34","69","22"
"34","71","3"
"34","2","13"
"34","76","17"
"34","29","40"
"34","24","15"
"34","62","29"
"34","41","13"
"34","7","37"
"34","64","20"
"34","60","10"
"34","23","9"
"34","54","14"
"34","46","28"
"34","22","12"
"34","44","36"
"34","58","0"
"34","14","18"
"34","48","6"
"34","4","22"
"34","16","21"
"34","6","11"
"34","55","28"
"34","33","40"
"34","68","6"
"34","40","35"
"34","39","29"
"34","3","3"
"34","43","13"
"34","49","33"
"34","19","15"
"34","31","29"
"34","1","40"
"34","27","19"
"34","34","19"
"34","74","1"
"34","13","4"
"34","80","11"
"34","26","0"
"34","67","21"
"34","53","31"
"34","28","18"
"34","42","0"
"34","21","0"
"34","57","24"
"34","15","35"
"34","65","25"
"34","20","10"
"34","18","19"
"34","8","34"
"34","45","27"
"34","61","3"
"34","11","18"
"34","12","18"
"34","50","7"
"34","30","33"
"34","35","40"
"34","32","19"
"34","59","38"
"34","79","26"
"34","0","14"
"35","0","13"
"35","7","8"
"35","29","4"
"35","59","3"
"35","17","20"
"35","49","30"
"35","34","2"
"35","40","0"
"35","11","7"
"35","5","2"
"35","66","21"
"35","22","13"
"35","39","12"
"35","54","23"
"35","55","39"
"35","38","25"
"35","57","27"
"35","33","26"
"35","1","16"
"35","9","14"
"35","47","5"
"35","8","13"
"35","52","16"
"35","35","33"
"35","50","24"
"35","15","15"
"35","12","34"
"35","10","14"
"35","63","30"
"35","18","30"
"35","58","7"
"35","19","20"
"35","24","15"
"35","65","21"
"35","62","29"
"35","4","26"
"35","43","36"
"35","30","40"
"35","64","38"
"35","13","30"
"35","51","24"
"35","14","18"
"35","48","24"
"35","6","18"
"35","46","14"
"35","36","5"
"35","56","37"
"35","28","33"
"35","20","18"
"35","41","7"
"35","42","28"
"35","44","20"
"35","32","23"
"35","26","1"
"35","37","3"
"35","16","38"
"35","2","34"
"35","69","8"
"35","27","6"
"35","68","6"
"35","23","33"
"35","3","31"
"35","70","32"
"35","25","3"
"35","61","30"
"35","31","30"
"35","21","22"
"35","60","40"
"35","45","1"
"35","53","32"
"36","63","3"
"36","58","2"
"36","8","7"
"36","14","11"
"36","22","25"
"36","48","7"
"36","77","28"
"36","38","13"
"36","43","15"
"36","49","17"
"36","24","33"
"36","76","7"
"36","25","19"
"36","37","21"
"36","12","11"
"36","45","12"
"36","29","33"
"36","17","36"
"36","41","18"
"36","47","11"
"36","6","14"
"36","0","16"
"36","15","10"
"36","83","2"
"36","31","27"
"36","34","25"
"36","60","18"
"36","1","27"
"36","89","24"
"36","35","8"
"36","50","14"
"36","20","1"
"36","54","35"
"36","65","31"
"36","5","29"
"36","86","33"
"36","2","30"
"36","39","26"
"36","71","2"
"36","56","29"
"36","62","31"
"36","69","24"
"36","36","23"
"36","74","40"
"36","55","4"
"36","10","31"
"36","51","40"
"36","82","8"
"36","64","32"
"36","79","6"
"36","18","23"
"36","84","30"
"36","26","28"
"36","23","39"
"36","16","27"
"36","75","26"
"36","59","37"
"36","9","40"
"36","11","2"
"36","67","12"
"36","68","3"
"36","3","9"
"36","13","16"
"36","7","9"
"36","32","26"
"36","42","38"
"36","70","0"
"36","52","31"
"36","85","18"
"36","73","7"
"36","27","6"
"36","80","19"
"36","61","4"
"36","30","23"
"36","72","26"
"36","33","39"
"36","87","40"
"36","21","10"
"36","57","10"
"36","19","6"
"36","81","28"
"36","28","28"
"36","88","9"
"36","78","4"
"36","40","5"
"36","66","17"
"36","4","32"
"36","44","23"
"36","53","11"
"37","0","13"
"37","1","21"
"38","24","30"
"38","3","31"
"38","5","13"
"38","17","2"
"38","23","31"
"38","18","8"
"38","29","30"
"38","8","9"
"38","13","0"
"38","35","8"
"38","26","9"
"38","10","14"
"38","12","30"
"38","2","5"
"38","46","22"
"38","9","34"
"38","30","25"
"38","6","28"
"38","22","22"
"38","40","34"
"38","1","25"
"38","31","24"
"38","21","30"
"38","32","38"
"38","37","40"
"38","7","12"
"38","36","1"
"38","4","28"
"38","16","36"
"38","14","12"
"38","45","20"
"38","28","39"
"38","20","27"
"38","27","40"
"38","39","23"
"38","33","1"
"38","34","22"
"38","44","33"
"38","19","11"
"38","15","28"
"38","43","18"
"38","11","16"
"38","0","13"
"38","25","16"
"38","41","25"
"38","42","37"
"39","45","19"
"39","27","10"
"39","16","8"
"39","30","19"
"39","51","26"
"39","63","2"
"39","29","28"
"39","8","1"
"39","57","10"
"39","1","29"
"39","33","17"
"39","14","28"
"39","62","12"
"39","54","7"
"39","18","3"
"39","19","39"
"39","55","26"
"39","64","32"
"39","23","29"
"39","53","36"
"39","40","16"
"39","49","6"
"39","25","9"
"39","15","2"
"39","31","1"
"39","7","5"
"39","0","11"
"39","36","37"
"39","67","33"
"39","50","28"
"39","58","15"
"39","6","3"
"39","11","6"
"39","32","39"
"39","38","17"
"39","52","7"
"39","28","17"
"39","35","32"
"39","24","0"
"39","26","2"
"39","4","40"
"39","39","3"
"39","61","30"
"39","41","31"
"39","2","38"
"39","34","3"
"39","37","7"
"39","46","16"
"39","65","35"
"39","59","21"
"39","60","16"
"39","44","26"
"39","10","34"
"39","3","38"
"39","56","33"
"39","21","9"
"39","5","18"
"39","48","39"
"39","9","24"
"39","13","17"
"39","43","30"
"39","42","0"
"39","17","31"
"39","12","2"
"39","22","7"
"39","47","4"
"39","66","9"
"40","11","39"
"40","1","29"
"40","52","27"
"40","57","2"
"40","12","16"
"40","77","3"
"40","9","22"
"40","44","17"
"40","53","38"
"40","43","0"
"40","7","35"
"40","51","18"
"40","68","16"
"40","33","10"
"40","62","27"
"40","58","31"
"40","35","17"
"40","37","15"
"40","66","14"
"40","31","5"
"40","41","33"
"40","23","28"
"40","15","6"
"40","8","24"
"40","72","4"
"40","48","4"
"40","10","8"
"40","26","21"
"40","69","29"
"40","6","16"
"40","67","25"
"40","76","33"
"40","32","32"
"40","25","34"
"40","45","7"
"40","24","29"
"40","42","11"
"40","16","7"
"40","39","37"
"40","75","19"
"40","13","35"
"40","18","21"
"40","56","40"
"40","65","14"
"40","5","36"
"40","19","6"
"40","60","23"
"40","36","40"
"40","49","9"
"40","22","4"
"40","74","15"
"40","21","1"
"40","3","15"
"40","63","40"
"40","30","4"
"40","55","13"
"40","4","32"
"40","50","36"
"40","0","13"
"40","70","5"
"40","17","1"
"40","47","39"
"40","2","40"
"40","29","36"
"40","27","12"
"40","40","10"
"40","54","32"
"40","20","27"
"40","71","0"
"40","59","37"
"40","38","5"
"40","14","29"
"40","64","9"
"40","73","19"
"40","61","40"
"40","28","4"
"40","46","9"
"41","1","3"
"41","13","11"
"41","27","21"
"41","70","27"
"41","76","33"
"41","9","20"
"41","5","22"
"41","42","21"
"41","56","16"
"41","29","37"
"41","72","21"
"41","31","8"
"41","32","15"
"41","71","1"
"41","20","15"
"41","7","17"
"41","30","30"
"41","48","20"
"41","69","37"
"41","61","23"
"41","52","14"
"41","40","21"
"41","17","4"
"41","63","1"
"41","64","1"
"41","2","40"
"41","74","12"
"41","10","40"
"41","11","5"
"41","3","20"
"41","60","8"
"41","67","11"
"41","50","38"
"41","46","13"
"41","53","18"
"41","44","9"
"41","34","6"
"41","12","34"
"41","51","29"
"41","47","23"
"41","36","37"
"41","18","13"
"41","45","20"
"41","58","29"
"41","68","9"
"41","15","11"
"41","24","1"
"41","59","3"
"41","26","27"
"41","6","3"
"41","19","28"
"41","78","7"
"41","41","20"
"41","43","0"
"41","62","10"
"41","25","23"
"41","73","31"
"41","4","4"
"41","39","1"
"41","21","19"
"41","55","2"
"41","0","31"
"41","23","7"
"41","77","36"
"41","14","21"
"41","54","37"
"41","65","32"
"41","49","10"
"41","8","32"
"41","57","27"
"41","66","28"
"41","75","22"
"41","16","37"
"41","22","10"
"41","37","30"
"41","33","5"
"41","35","34"
"41","38","1"
"42","61","20"
"42","43","10"
"42","0","15"
"42","59","4"
"42","62","19"
"42","54","36"
"42","5","2"
"42","9","3"
"42","34","36"
"42","37","4"
"42","64","35"
"42","12","8"
"42","27","4"
"42","2","30"
"42","55","35"
"42","73","30"
"42","52","22"
"42","66","37"
"42","23","33"
"42","14","40"
"42","69","31"
"42","57","0"
"42","58","40"
"42","50","17"
"42","29","37"
"42","20","12"
"42","6","12"
"42","41","36"
"42","13","36"
"42","36","40"
"42","68","4"
"42","8","27"
"42","63","25"
"42","56","33"
"42","16","34"
"42","51","23"
"42","39","7"
"42","48","7"
"42","11","3"
"42","10","24"
"42","15","12"
"42","33","40"
"42","21","7"
"42","44","26"
"42","72","16"
"42","70","0"
"42","71","17"
"42","49","33"
"42","60","38"
"42","47","21"
"42","17","29"
"42","24","14"
"42","65","21"
"42","7","19"
"42","18","6"
"42","22","24"
"42","28","34"
"42","46","4"
"42","25","0"
"42","42","18"
"42","4","3"
"42","26","28"
"42","35","35"
"42","1","4"
"42","30","1"
"42","53","31"
"42","38","5"
"42","32","11"
"42","40","31"
"42","67","36"
"42","31","37"
"42","19","14"
"42","3","32"
"43","21","10"
"43","31","25"
"43","3","7"
"43","2","29"
"43","22","25"
"43","20","16"
"43","30","18"
"43","5","23"
"43","0","36"
"43","23","36"
"43","28","39"
"43","9","16"
"43","11","13"
"43","18","5"
"43","15","16"
"43","4","16"
"43","27","35"
"43","12","37"
"43","24","36"
"43","19","5"
"43","26","36"
"43","6","29"
"43","1","12"
"43","25","3"
"43","7","32"
"43","16","29"
"43","8","32"
"43","10","7"
"43","17","19"
"43","14","21"
"43","13","17"
"44","11","39"
"44","30","7"
"44","14","37"
"44","9","9"
"44","3","20"
"44","1","10"
"44","25","6"
"44","7","4"
"44","4","34"
"44","20","16"
"44","13","29"
"44","27","3"
"44","32","18"
"44","15","21"
"44","12","36"
"44","22","28"
"44","35","27"
"44","21","19"
"44","5","33"
"44","37","5"
"44","8","5"
"44","36","30"
"44","24","21"
"44","26","25"
"44","34","37"
"44","2","8"
"44","19","34"
"44","23","30"
"44","29","27"
"44","18","17"
"44","33","26"
"44","31","21"
"44","17","24"
"44","28","2"
"44","10","2"
"44","16","33"
"44","0","30"
"45","3","24"
"45","0","16"
"45","1","35"
"46","11","40"
"46","10","19"
"46","9","21"
"46","1","7"
"46","0","20"
"46","13","20"
"46","5","6"
"46","16","35"
"46","6","25"
"46","8","15"
"46","14","9"
"46","22","30"
"46","12","30"
"46","17","7"
"46","15","32"
"46","19","19"
"46","21","33"
"46","3","20"
"46","2","15"
"46","7","29"
"46","20","12"
"46","18","29"
"47","38","7"
"47","50","22"
"47","81","35"
"47","24","21"
"47","41","4"
"47","52","16"
"47","83","32"
"47","44","32"
"47","61","6"
"47","16","19"
"47","12","3"
"47","10","1"
"47","29","6"
"47","39","30"
"47","59","23"
"47","23","23"
"47","0","32"
"47","37","38"
"47","45","6"
"47","25","5"
"47","58","2"
"47","35","3"
"47","3","20"
"47","15","30"
"47","66","19"
"47","19","20"
"47","75","19"
"47","32","30"
"47","22","14"
"47","56","30"
"47","11","21"
"47","70","6"
"47","47","6"
"47","53","24"
"47","79","13"
"47","71","25"
"47","72","19"
"47","27","20"
"47","51","14"
"47","54","12"
"47","2","30"
"47","14","11"
"47","5","4"
"47","17","26"
"47","49","27"
"47","46","34"
"47","73","36"
"47","1","20"
"47","34","14"
"47","78","23"
"47","55","32"
"47","62","5"
"47","69","10"
"47","20","24"
"47","42","29"
"47","57","29"
"47","4","24"
"47","60","21"
"47","18","30"
"47","40","3"
"47","13","24"
"47","48","6"
"47","67","12"
"47","74","34"
"47","65","21"
"47","84","37"
"47","30","37"
"47","6","21"
"47","9","13"
"47","7","3"
"47","26","29"
"47","8","21"
"47","64","34"
"47","31","19"
"47","43","22"
"47","82","23"
"47","63","37"
"47","80","22"
"47","77","17"
"47","33","12"
"47","36","20"
"47","28","14"
"47","68","16"
"47","76","28"
"48","21","33"
"48","11","37"
"48","18","25"
"48","49","20"
"48","27","34"
"48","13","32"
"48","25","9"
"48","1","4"
"48","48","38"
"48","46","16"
"48","12","35"
"48","8","39"
"48","30","33"
"48","2","8"
"48","34","14"
"48","37","2"
"48","24","17"
"48","45","25"
"48","42","35"
"48","14","29"
"48","7","40"
"48","41","10"
"48","17","13"
"48","6","19"
"48","32","16"
"48","19","14"
"48","35","8"
"48","5","10"
"48","44","37"
"48","47","33"
"48","55","40"
"48","16","14"
"48","22","33"
"48","26","4"
"48","38","31"
"48","29","17"
"48","54","21"
"48","51","2"
"48","23","5"
"48","52","25"
"48","56","4"
"48","20","40"
"48","53","6"
"48","3","24"
"48","10","0"
"48","0","1"
"48","36","36"
"48","15","0"
"48","50","20"
"48","39","39"
"48","43","9"
"48","33","6"
"48","28","2"
"48","31","31"
"48","9","9"
"48","40","8"
"49","14","27"
"49","13","15"
"49","9","4"
"49","1","14"
"49","6","29"
"49","8","13"
"49","5","38"
"49","11","29"
"49","2","10"
"49","12","32"
"49","0","30"
"49","10","26"
"49","3","6"
"49","4","5"
"49","15","22"
"50","5","10"
"50","9","21"
"50","14","16"
"50","20","2"
"50","21","12"
"50","4","0"
"50","6","25"
"50","13","28"
"50","0","3"
"50","19","15"
"50","10","22"
"50","2","33"
"50","22","2"
"50","23","25"
"50","3","22"
"50","15","4"
"50","17","20"
"50","16","11"
"50","8","38"
"50","1","17"
"50","12","39"
"50","18","32"
"50","7","23"
"51","16","3"
"51","57","34"
"51","31","3"
"51","9","11"
"51","39","6"
"51","32","17"
"51","43","2"
"51","0","26"
"51","27","22"
"51","35","19"
"51","40","13"
"51","26","17"
"51","6","15"
"51","29","25"
"51","41","10"
"51","37","29"
"51","53","29"
"51","30","23"
"51","8","19"
"51","24","33"
"51","21","2"
"51","28","25"
"51","13","40"
"51","1","6"
"51","56","11"
"51","45","23"
"51","55","8"
"51","23","39"
"51","25","3"
"51","20","14"
"51","47","14"
"51","44","38"
"51","12","19"
"51","18","35"
"51","17","25"
"51","15","13"
"51","54","26"
"51","19","27"
"51","7","8"
"51","33","32"
"51","22","0"
"51","46","4"
"51","49","11"
"51","50","9"
"51","42","33"
"51","52","35"
"51","11","32"
"51","51","33"
"51","4","17"
"51","10","27"
"51","14","33"
"51","5","21"
"51","36","14"
"51","3","33"
"51","38","28"
"51","34","1"
"51","48","0"
"52","23","17"
"52","21","23"
"52","0","13"
"52","12","5"
"52","20","30"
"52","6","17"
"52","2","12"
"52","15","8"
"52","18","6"
"52","25","31"
"52","19","30"
"52","17","37"
"52","16","8"
"52","13","35"
"52","14","3"
"52","8","6"
"52","24","30"
"52","11","39"
"52","7","19"
"52","1","33"
"52","10","4"
"52","22","0"
"52","4","0"
"52","9","7"
"52","3","28"
"53","17","29"
"53","2","16"
"53","14","22"
"53","22","32"
"53","7","15"
"53","16","18"
"53","0","10"
"53","12","35"
"53","6","7"
"53","8","35"
"53","15","22"
"53","3","27"
"53","11","30"
"53","23","20"
"53","5","5"
"53","13","23"
"53","19","16"
"53","18","34"
"53","1","19"
"53","20","24"
"53","10","14"
"53","4","28"
"53","21","18"
"54","8","3"
"54","12","27"
"54","22","31"
"54","10","8"
"54","15","22"
"54","6","16"
"54","13","13"
"54","4","9"
"54","9","37"
"54","1","16"
"54","3","5"
"54","0","36"
"54","2","29"
"54","16","4"
"54","11","10"
"54","23","7"
"54","21","30"
"54","24","14"
"54","14","27"
"54","18","1"
"54","7","13"
"54","5","31"
"54","19","21"
"54","17","37"
"55","65","9"
"55","30","11"
"55","11","1"
"55","24","3"
"55","39","8"
"55","40","18"
"55","22","31"
"55","62","11"
"55","63","33"
"55","13","16"
"55","36","39"
"55","49","31"
"55","66","35"
"55","71","14"
"55","46","18"
"55","31","22"
"55","41","28"
"55","61","31"
"55","19","31"
"55","21","39"
"55","54","30"
"55","1","30"
"55","28","6"
"55","0","37"
"55","55","20"
"55","14","16"
"55","60","38"
"55","56","8"
"55","70","32"
"55","25","22"
"55","53","9"
"55","15","32"
"55","20","12"
"55","4","26"
"55","12","18"
"55","38","30"
"55","2","6"
"55","29","9"
"55","68","36"
"55","32","24"
"55","33","20"
"55","57","23"
"55","51","8"
"55","26","40"
"55","10","32"
"55","37","9"
"55","69","26"
"55","9","8"
"55","50","38"
"55","8","0"
"55","17","17"
"55","45","31"
"55","42","28"
"55","58","1"
"55","5","10"
"55","59","35"
"55","3","35"
"55","67","30"
"55","52","16"
"55","16","18"
"55","23","1"
"55","6","28"
"55","47","1"
"55","18","40"
"55","34","27"
"55","7","20"
"55","27","23"
"55","64","28"
"55","44","18"
"55","48","12"
"55","35","1"
"56","2","13"
"56","1","7"
"56","3","18"
"56","0","11"
"57","34","4"
"57","10","28"
"57","17","25"
"57","42","24"
"57","39","32"
"57","41","16"
"57","20","13"
"57","22","32"
"57","6","28"
"57","43","38"
"57","35","8"
"57","24","25"
"57","5","2"
"57","12","13"
"57","23","19"
"57","3","29"
"57","16","16"
"57","14","24"
"57","27","36"
"57","21","8"
"57","4","25"
"57","46","1"
"57","30","30"
"57","15","0"
"57","13","11"
"57","32","0"
"57","29","24"
"57","31","32"
"57","19","7"
"57","11","29"
"57","49","17"
"57","8","37"
"57","2","4"
"57","37","10"
"57","1","20"
"57","44","14"
"57","25","13"
"57","48","40"
"57","9","7"
"57","18","29"
"57","36","20"
"57","7","38"
"57","40","7"
"57","26","28"
"57","38","0"
"57","28","0"
"57","47","3"
"57","0","19"
"57","33","12"
"58","39","26"
"58","46","5"
"58","25","28"
"58","38","40"
"58","24","38"
"58","35","27"
"58","63","16"
"58","29","26"
"58","74","37"
"58","48","28"
"58","32","26"
"58","33","23"
"58","34","18"
"58","47","23"
"58","42","33"
"58","83","6"
"58","70","8"
"58","76","35"
"58","22","38"
"58","12","0"
"58","84","26"
"58","50","27"
"58","21","31"
"58","57","8"
"58","81","38"
"58","9","7"
"58","60","39"
"58","77","5"
"58","27","29"
"58","0","26"
"58","59","12"
"58","36","2"
"58","8","24"
"58","41","18"
"58","40","35"
"58","26","9"
"58","16","22"
"58","4","7"
"58","13","19"
"58","43","32"
"58","3","16"
"58","7","27"
"58","51","38"
"58","23","29"
"58","80","11"
"58","52","2"
"58","31","16"
"58","65","35"
"58","45","4"
"58","18","13"
"58","17","21"
"58","10","1"
"58","49","17"
"58","71","37"
"58","44","36"
"58","69","38"
"58","11","31"
"58","78","34"
"58","5","7"
"58","79","27"
"58","28","26"
"58","75","15"
"58","14","31"
"58","1","17"
"58","56","29"
"58","53","36"
"58","6","22"
"58","19","29"
"58","67","13"
"58","15","2"
"58","64","38"
"58","30","12"
"58","61","31"
"58","62","13"
"58","68","4"
"58","2","25"
"58","55","35"
"58","72","8"
"58","66","37"
"58","20","16"
"58","73","22"
"58","82","12"
"58","58","10"
"58","54","15"
"59","22","26"
"59","69","32"
"59","36","19"
"59","61","26"
"59","71","33"
"59","45","22"
"59","49","6"
"59","65","30"
"59","24","3"
"59","62","1"
"59","68","11"
"59","23","26"
"59","20","34"
"59","35","15"
"59","52","34"
"59","37","33"
"59","72","17"
"59","17","2"
"59","73","0"
"59","6","35"
"59","9","11"
"59","26","14"
"59","59","0"
"59","34","26"
"59","67","17"
"59","12","3"
"59","51","25"
"59","76","21"
"59","21","40"
"59","46","24"
"59","55","17"
"59","57","40"
"59","8","40"
"59","25","13"
"59","33","21"
"59","39","35"
"59","3","14"
"59","5","38"
"59","63","30"
"59","16","25"
"59","2","2"
"59","66","30"
"59","11","3"
"59","29","27"
"59","38","7"
"59","43","34"
"59","1","13"
"59","31","27"
"59","13","24"
"59","19","18"
"59","28","40"
"59","44","1"
"59","50","4"
"59","75","10"
"59","41","9"
"59","53","37"
"59","27","9"
"59","14","5"
"59","15","10"
"59","30","17"
"59","4","4"
"59","74","7"
"59","48","26"
"59","0","40"
"59","18","32"
"59","77","32"
"59","32","6"
"59","56","4"
"59","7","40"
"59","54","26"
"59","60","21"
"59","47","19"
"59","10","15"
"59","64","35"
"59","42","15"
"59","58","7"
"59","70","30"
"60","1","10"
"60","14","30"
"60","12","10"
"60","11","13"
"60","23","19"
"60","20","8"
"60","19","24"
"60","13","18"
"60","9","28"
"60","5","2"
"60","21","10"
"60","15","25"
"60","7","37"
"60","17","17"
"60","0","20"
"60","8","24"
"60","18","0"
"60","22","11"
"60","3","40"
"60","6","11"
"60","2","7"
"60","4","6"
"60","10","6"
"61","1","8"
"61","12","16"
"61","24","26"
"61","29","35"
"61","37","25"
"61","3","38"
"61","46","23"
"61","34","33"
"61","10","19"
"61","38","32"
"61","22","3"
"61","18","26"
"61","8","35"
"61","41","34"
"61","19","3"
"61","6","35"
"61","26","40"
"61","45","24"
"61","20","1"
"61","25","3"
"61","17","3"
"61","23","24"
"61","0","6"
"61","40","14"
"61","16","35"
"61","13","9"
"61","44","7"
"61","31","16"
"61","33","40"
"61","32","11"
"61","30","21"
"61","43","18"
"61","36","40"
"61","5","22"
"61","27","3"
"61","7","18"
"61","11","9"
"61","35","9"
"61","14","8"
"61","39","0"
"61","9","32"
"61","4","9"
"61","15","28"
"61","42","2"
"61","21","21"
"61","28","7"
"61","47","33"
"62","43","38"
"62","54","30"
"62","36","26"
"62","23","25"
"62","44","1"
"62","19","4"
"62","5","29"
"62","22","28"
"62","11","15"
"62","10","34"
"62","37","31"
"62","12","19"
"62","4","8"
"62","9","24"
"62","28","23"
"62","8","4"
"62","24","4"
"62","26","6"
"62","21","7"
"62","51","23"
"62","15","22"
"62","31","35"
"62","6","27"
"62","13","15"
"62","3","22"
"62","20","22"
"62","35","23"
"62","33","29"
"62","30","20"
"62","27","18"
"62","34","25"
"62","2","2"
"62","16","19"
"62","47","11"
"62","53","40"
"62","49","27"
"62","55","28"
"62","41","23"
"62","48","31"
"62","52","37"
"62","50","16"
"62","45","37"
"62","1","30"
"62","29","26"
"62","32","39"
"62","39","8"
"62","18","30"
"62","40","39"
"62","17","38"
"62","25","1"
"62","14","13"
"62","42","39"
"62","46","40"
"62","7","5"
"62","0","24"
"62","56","27"
"62","38","12"
"63","27","4"
"63","46","11"
"63","0","40"
"63","40","4"
"63","9","4"
"63","30","25"
"63","23","1"
"63","36","5"
"63","33","31"
"63","12","5"
"63","1","27"
"63","17","34"
"63","26","0"
"63","8","5"
"63","19","30"
"63","22","32"
"63","34","6"
"63","31","22"
"63","38","40"
"63","24","40"
"63","20","13"
"63","21","3"
"63","29","8"
"63","3","39"
"63","5","25"
"63","28","29"
"63","32","26"
"63","42","35"
"63","18","14"
"63","7","28"
"63","16","13"
"63","44","23"
"63","6","5"
"63","13","20"
"63","37","25"
"63","39","25"
"63","45","14"
"63","35","33"
"63","4","30"
"63","15","27"
"63","25","11"
"63","14","21"
"63","11","9"
"63","43","9"
"63","41","8"
"63","2","35"
"64","18","35"
"64","24","4"
"64","19","2"
"64","15","3"
"64","10","36"
"64","26","20"
"64","23","30"
"64","5","5"
"64","13","24"
"64","0","4"
"64","1","38"
"64","11","39"
"64","9","38"
"64","8","29"
"64","22","5"
"64","2","11"
"64","16","7"
"64","7","2"
"64","12","6"
"64","6","30"
"64","17","2"
"64","4","5"
"64","14","11"
"64","20","25"
"64","21","9"
"64","25","31"
"64","27","14"
"65","4","12"
"65","5","20"
"65","2","9"
"65","7","37"
"65","0","22"
"65","6","3"
"65","1","5"
"66","5","11"
"66","7","15"
"66","6","3"
"66","9","12"
"66","3","20"
"66","2","34"
"66","4","17"
"66","0","38"
"66","8","27"
"67","39","13"
"67","2","21"
"67","6","4"
"67","3","29"
"67","12","40"
"67","58","27"
"67","55","1"
"67","9","17"
"67","65","35"
"67","91","36"
"67","29","1"
"67","41","6"
"67","32","25"
"67","53","19"
"67","59","23"
"67","61","12"
"67","30","20"
"67","83","32"
"67","4","1"
"67","37","4"
"67","5","30"
"67","20","7"
"67","40","40"
"67","13","29"
"67","84","21"
"67","77","1"
"67","51","33"
"67","14","14"
"67","47","27"
"67","82","34"
"67","85","11"
"67","63","37"
"67","66","5"
"67","88","14"
"67","11","6"
"67","71","25"
"67","79","9"
"67","57","28"
"67","76","22"
"67","54","33"
"67","56","40"
"67","43","36"
"67","62","40"
"67","21","30"
"67","90","5"
"67","38","23"
"67","18","34"
"67","73","27"
"67","8","11"
"67","78","25"
"67","80","40"
"67","31","0"
"67","33","16"
"67","68","38"
"67","1","12"
"67","81","31"
"67","23","29"
"67","45","10"
"67","89","16"
"67","72","4"
"67","44","27"
"67","70","3"
"67","46","5"
"67","35","9"
"67","25","22"
"67","0","3"
"67","50","25"
"67","49","37"
"67","16","13"
"67","36","28"
"67","74","8"
"67","75","31"
"67","87","32"
"67","22","3"
"67","27","7"
"67","7","22"
"67","48","18"
"67","86","16"
"67","28","31"
"67","52","6"
"67","60","16"
"67","42","12"
"67","24","33"
"67","26","27"
"67","15","29"
"67","67","0"
"67","34","5"
"67","10","30"
"67","69","5"
"67","19","35"
"67","17","40"
"68","74","10"
"68","43","28"
"68","46","33"
"68","67","3"
"68","23","9"
"68","53","31"
"68","68","39"
"68","16","19"
"68","8","40"
"68","0","0"
"68","28","10"
"68","7","12"
"68","63","35"
"68","14","24"
"68","62","39"
"68","37","3"
"68","26","35"
"68","51","23"
"68","61","19"
"68","15","1"
"68","72","34"
"68","12","30"
"68","70","27"
"68","18","35"
"68","59","1"
"68","36","24"
"68","64","15"
"68","73","36"
"68","1","21"
"68","47","6"
"68","5","12"
"68","56","6"
"68","4","30"
"68","19","0"
"68","42","11"
"68","9","1"
"68","60","1"
"68","30","40"
"68","17","20"
"68","6","39"
"68","38","2"
"68","75","40"
"68","27","34"
"68","24","26"
"68","49","25"
"68","22","24"
"68","50","11"
"68","69","16"
"68","32","5"
"68","20","24"
"68","71","28"
"68","3","38"
"68","29","22"
"68","34","40"
"68","21","30"
"68","45","38"
"68","65","9"
"68","54","31"
"68","48","33"
"68","31","23"
"68","52","29"
"68","35","21"
"68","2","12"
"68","11","28"
"68","76","5"
"68","55","13"
"68","39","28"
"68","41","5"
"68","57","0"
"68","10","35"
"68","40","38"
"68","66","33"
"68","58","35"
"68","44","6"
"68","25","2"
"68","13","16"
"69","32","0"
"69","18","27"
"69","77","24"
"69","17","16"
"69","64","10"
"69","23","22"
"69","74","10"
"69","15","15"
"69","9","18"
"69","8","18"
"69","73","2"
"69","79","16"
"69","67","25"
"69","13","15"
"69","40","18"
"69","34","16"
"69","62","24"
"69","6","30"
"69","11","30"
"69","43","23"
"69","56","35"
"69","12","2"
"69","51","15"
"69","16","8"
"69","46","19"
"69","10","29"
"69","78","16"
"69","60","13"
"69","54","13"
"69","49","26"
"69","20","13"
"69","61","36"
"69","80","13"
"69","86","15"
"69","47","8"
"69","31","3"
"69","28","19"
"69","68","30"
"69","59","0"
"69","85","20"
"69","0","12"
"69","58","19"
"69","65","9"
"69","2","8"
"69","69","16"
"69","4","6"
"69","53","34"
"69","25","25"
"69","41","24"
"69","35","3"
"69","7","10"
"69","3","34"
"69","76","4"
"69","63","33"
"69","75","36"
"69","1","38"
"69","57","0"
"69","42","32"
"69","83","4"
"69","21","34"
"69","19","28"
"69","45","26"
"69","81","22"
"69","38","17"
"69","24","33"
"69","26","39"
"69","33","25"
"69","55","40"
"69","39","2"
"69","84","27"
"69","22","25"
"69","5","17"
"69","14","5"
"69","52","7"
"69","27","11"
"69","82","0"
"69","37","8"
"69","72","6"
"69","36","17"
"69","70","4"
"69","44","31"
"69","87","11"
"69","50","23"
"69","71","18"
"69","30","1"
"69","66","20"
"69","48","33"
"70","9","40"
"70","5","40"
"70","61","30"
"70","36","3"
"70","25","35"
"70","55","39"
"70","14","36"
"70","15","24"
"70","54","11"
"70","41","22"
"70","1","35"
"70","56","3"
"70","31","22"
"70","4","12"
"70","0","28"
"70","24","24"
"70","3","3"
"70","23","7"
"70","6","31"
"70","51","20"
"70","33","38"
"70","58","8"
"70","32","13"
"70","12","0"
"70","10","15"
"70","21","10"
"70","52","33"
"70","53","24"
"70","46","21"
"70","13","14"
"70","35","15"
"70","62","0"
"70","65","18"
"70","16","38"
"70","63","9"
"70","43","28"
"70","2","30"
"70","39","15"
"70","47","14"
"70","66","10"
"70","27","10"
"70","40","16"
"70","42","24"
"70","19","28"
"70","50","1"
"70","17","13"
"70","44","14"
"70","11","8"
"70","57","21"
"70","18","4"
"70","38","7"
"70","22","37"
"70","34","20"
"70","30","6"
"70","7","27"
"70","45","23"
"70","28","13"
"70","60","25"
"70","37","35"
"70","20","2"
"70","59","4"
"70","64","2"
"70","26","18"
"70","48","25"
"70","8","26"
"70","49","33"
"71","0","2"
"71","10","7"
"71","3","18"
"71","2","16"
"71","12","12"
"71","15","7"
"71","14","8"
"71","5","21"
"71","1","33"
"71","8","24"
"71","6","11"
"71","4","13"
"71","11","33"
"71","13","7"
"71","7","22"
"72","35","40"
"72","49","30"
"72","39","15"
"72","31","40"
"72","47","23"
"72","18","33"
"72","30","0"
"72","20","33"
"72","34","30"
"72","4","5"
"72","14","5"
"72","7","1"
"72","17","36"
"72","3","32"
"72","55","30"
"72","21","13"
"72","27","2"
"72","32","26"
"72","33","35"
"72","13","5"
"72","0","23"
"72","44","16"
"72","50","34"
"72","16","11"
"72","28","1"
"72","37","37"
"72","15","23"
"72","9","8"
"72","51","3"
"72","26","2"
"72","5","36"
"72","22","40"
"72","54","3"
"72","43","38"
"72","53","30"
"72","40","10"
"72","41","28"
"72","2","8"
"72","48","1"
"72","46","13"
"72","52","25"
"72","36","5"
"72","8","8"
"72","23","31"
"72","29","20"
"72","42","16"
"72","10","5"
"72","1","22"
"72","24","4"
"72","19","13"
"72","25","13"
"72","6","19"
"72","38","10"
"72","11","26"
"72","12","8"
"73","64","32"
"73","43","6"
"73","19","39"
"73","49","10"
"73","17","26"
"73","33","29"
"73","20","7"
"73","25","4"
"73","44","19"
"73","10","4"
"73","61","11"
"73","35","0"
"73","42","8"
"73","37","17"
"73","52","14"
"73","18","28"
"73","74","32"
"73","71","37"
"73","7","36"
"73","73","19"
"73","63","8"
"73","15","35"
"73","21","13"
"73","46","40"
"73","29","16"
"73","1","8"
"73","3","18"
"73","0","26"
"73","36","31"
"73","54","24"
"73","58","12"
"73","32","2"
"73","34","9"
"73","14","21"
"73","16","18"
"73","62","18"
"73","28","37"
"73","50","25"
"73","56","10"
"73","4","14"
"73","24","20"
"73","75","15"
"73","76","27"
"73","45","13"
"73","26","16"
"73","53","26"
"73","11","30"
"73","27","8"
"73","68","31"
"73","59","14"
"73","2","26"
"73","69","29"
"73","38","2"
"73","30","1"
"73","65","1"
"73","23","27"
"73","51","19"
"73","67","24"
"73","57","11"
"73","8","1"
"73","41","40"
"73","48","14"
"73","55","38"
"73","6","40"
"73","39","6"
"73","13","10"
"73","66","17"
"73","70","36"
"73","47","23"
"73","40","27"
"73","12","12"
"73","72","9"
"73","31","4"
"73","60","23"
"73","9","26"
"73","5","1"
"74","25","37"
"74","37","31"
"74","16","15"
"74","19","14"
"74","24","31"
"74","68","26"
"74","43","22"
"74","52","6"
"74","15","35"
"74","18","31"
"74","61","37"
"74","10","25"
"74","44","14"
"74","27","25"
"74","59","3"
"74","34","2"
"74","9","1"
"74","75","6"
"74","28","39"
"74","65","28"
"74","45","9"
"74","20","18"
"74","76","24"
"74","69","30"
"74","12","15"
"74","29","31"
"74","66","0"
"74","57","2"
"74","14","28"
"74","72","28"
"74","22","20"
"74","74","24"
"74","40","3"
"74","5","25"
"74","62","17"
"74","21","7"
"74","41","20"
"74","0","38"
"74","1","8"
"74","50","29"
"74","39","34"
"74","47","27"
"74","8","36"
"74","49","15"
"74","7","11"
"74","38","1"
"74","3","40"
"74","63","25"
"74","30","12"
"74","33","28"
"74","71","5"
"74","23","10"
"74","42","6"
"74","53","34"
"74","31","13"
"74","17","16"
"74","64","7"
"74","58","22"
"74","35","25"
"74","32","5"
"74","70","7"
"74","48","10"
"74","26","31"
"74","4","10"
"74","13","11"
"74","60","24"
"74","11","16"
"74","73","19"
"74","46","26"
"74","55","8"
"74","51","15"
"74","56","21"
"74","54","10"
"74","67","29"
"74","6","13"
"74","36","39"
"75","44","32"
"75","11","34"
"75","18","1"
"75","16","18"
"75","6","10"
"75","3","14"
"75","45","35"
"75","20","9"
"75","37","39"
"75","51","5"
"75","24","38"
"75","7","3"
"75","47","38"
"75","61","29"
"75","4","5"
"75","57","20"
"75","36","30"
"75","43","27"
"75","27","27"
"75","40","7"
"75","32","11"
"75","60","18"
"75","31","36"
"75","55","27"
"75","17","34"
"75","23","6"
"75","28","26"
"75","58","13"
"75","13","13"
"75","48","25"
"75","34","21"
"75","46","28"
"75","38","40"
"75","35","10"
"75","25","15"
"75","26","1"
"75","29","22"
"75","52","27"
"75","53","5"
"75","33","24"
"75","0","27"
"75","39","17"
"75","56","30"
"75","59","21"
"75","19","4"
"75","54","23"
"75","8","11"
"75","5","16"
"75","10","25"
"75","9","13"
"75","49","8"
"75","62","28"
"75","42","33"
"75","1","31"
"75","12","23"
"75","2","30"
"75","41","13"
"75","14","29"
"75","50","10"
"75","30","14"
"75","15","0"
"75","21","10"
"76","1","1"
"77","16","23"
"77","13","33"
"77","18","15"
"77","7","37"
"77","26","13"
"77","4","12"
"77","6","39"
"77","2","25"
"77","15","15"
"77","19","24"
"77","17","4"
"77","0","23"
"77","20","39"
"77","27","34"
"77","10","16"
"77","22","32"
"77","5","20"
"77","14","39"
"77","11","5"
"77","21","2"
"77","8","23"
"77","3","7"
"77","23","5"
"77","12","37"
"77","9","26"
"77","1","19"
"77","24","37"
"78","22","26"
"78","12","13"
"78","8","0"
"78","17","24"
"78","16","30"
"78","3","39"
"78","10","4"
"78","27","36"
"78","1","17"
"78","2","33"
"78","11","10"
"78","24","10"
"78","23","34"
"78","28","8"
"78","19","19"
"78","18","34"
"78","20","33"
"78","0","23"
"78","21","8"
"78","9","14"
"78","6","13"
"78","26","22"
"78","4","36"
"78","25","37"
"78","15","16"
"78","14","18"
"78","5","20"
"78","7","15"
"78","13","22"
"79","68","13"
"79","26","36"
"79","74","23"
"79","35","16"
"79","70","15"
"79","29","18"
"79","15","35"
"79","33","32"
"79","75","4"
"79","3","33"
"79","5","17"
"79","31","35"
"79","83","24"
"79","4","7"
"79","72","8"
"79","1","10"
"79","51","20"
"79","65","2"
"79","41","28"
"79","53","37"
"79","45","40"
"79","23","12"
"79","77","8"
"79","48","27"
"79","34","12"
"79","6","27"
"79","38","9"
"79","0","4"
"79","76","24"
"79","57","5"
"79","40","23"
"79","21","36"
"79","71","7"
"79","47","39"
"79","80","9"
"79","37","37"
"79","13","30"
"79","10","33"
"79","61","20"
"79","25","38"
"79","28","28"
"79","16","19"
"79","14","26"
"79","12","37"
"79","73","35"
"79","69","18"
"79","59","15"
"79","62","19"
"79","43","36"
"79","78","3"
"79","9","26"
"79","81","22"
"79","46","16"
"79","2","32"
"79","58","4"
"79","22","38"
"79","54","12"
"79","24","13"
"79","30","5"
"79","63","28"
"79","32","22"
"79","36","15"
"79","17","6"
"79","82","15"
"79","66","16"
"79","27","11"
"79","19","37"
"79","42","4"
"79","20","0"
"79","49","2"
"79","85","31"
"79","56","33"
"79","39","3"
"79","55","32"
"79","64","25"
"79","52","8"
"79","11","26"
"79","79","38"
"79","60","10"
"79","67","28"
"79","18","1"
"79","50","25"
"79","7","0"
"79","44","14"
"79","8","14"
"81","0","35"
"81","83","11"
"81","25","7"
"81","84","3"
"81","17","18"
"81","31","23"
"81","26","18"
"81","45","35"
"81","19","19"
"81","39","11"
"81","21","31"
"81","69","5"
"81","41","4"
"81","51","31"
"81","63","9"
"81","15","16"
"81","76","2"
"81","20","3"
"81","5","39"
"81","70","22"
"81","2","1"
"81","50","27"
"81","28","13"
"81","67","28"
"81","33","37"
"81","6","39"
"81","74","29"
"81","60","36"
"81","1","36"
"81","73","23"
"81","44","20"
"81","79","6"
"81","12","16"
"81","86","25"
"81","57","5"
"81","75","4"
"81","34","28"
"81","71","31"
"81","65","2"
"81","43","18"
"81","77","7"
"81","47","30"
"81","62","34"
"81","36","21"
"81","55","36"
"81","54","23"
"81","30","9"
"81","38","18"
"81","56","19"
"81","35","6"
"81","59","2"
"81","80","27"
"81","58","25"
"81","82","9"
"81","61","7"
"81","7","20"
"81","18","14"
"81","40","32"
"81","78","21"
"81","32","12"
"81","11","14"
"81","52","36"
"81","9","20"
"81","29","19"
"81","66","25"
"81","8","28"
"81","4","30"
"81","13","28"
"81","48","35"
"81","27","40"
"81","49","14"
"81","72","5"
"81","23","26"
"81","85","29"
"81","22","15"
"81","14","4"
"81","16","26"
"81","37","17"
"81","53","14"
"81","24","30"
"81","10","31"
"81","46","27"
"81","68","13"
"81","42","0"
"81","3","28"
"81","81","36"
"82","61","0"
"82","21","8"
"82","24","1"
"82","19","23"
"82","44","7"
"82","27","40"
"82","10","35"
"82","73","5"
"82","66","32"
"82","41","16"
"82","16","34"
"82","68","28"
"82","45","4"
"82","60","33"
"82","33","18"
"82","76","31"
"82","59","26"
"82","47","24"
"82","58","36"
"82","2","32"
"82","4","16"
"82","8","19"
"82","56","39"
"82","29","2"
"82","48","5"
"82","32","2"
"82","25","35"
"82","69","7"
"82","54","29"
"82","72","10"
"82","67","38"
"82","70","34"
"82","14","1"
"82","39","5"
"82","37","13"
"82","15","35"
"82","77","26"
"82","34","35"
"82","26","4"
"82","7","24"
"82","63","34"
"82","51","5"
"82","38","25"
"82","55","28"
"82","46","24"
"82","75","9"
"82","42","21"
"82","36","0"
"82","28","3"
"82","50","25"
"82","6","19"
"82","71","31"
"82","17","25"
"82","40","5"
"82","1","33"
"82","74","23"
"82","23","33"
"82","11","34"
"82","20","34"
"82","57","27"
"82","12","13"
"82","3","2"
"82","43","21"
"82","9","38"
"82","13","17"
"82","65","26"
"82","35","11"
"82","30","29"
"82","64","32"
"82","5","33"
"82","52","9"
"82","62","21"
"82","49","18"
"82","31","21"
"82","18","29"
"82","0","37"
"82","53","3"
"83","16","31"
"83","10","6"
"83","9","22"
"83","17","3"
"83","46","3"
"83","40","27"
"83","20","32"
"83","5","26"
"83","29","14"
"83","30","39"
"83","14","23"
"83","31","8"
"83","21","31"
"83","35","35"
"83","19","36"
"83","38","26"
"83","43","38"
"83","22","22"
"83","39","19"
"83","2","21"
"83","11","15"
"83","15","19"
"83","36","19"
"83","26","16"
"83","0","13"
"83","18","27"
"83","13","39"
"83","25","14"
"83","1","3"
"83","33","5"
"83","45","14"
"83","3","5"
"83","28","23"
"83","7","1"
"83","42","18"
"83","44","25"
"83","34","3"
"83","23","11"
"83","8","37"
"83","27","20"
"83","12","40"
"83","41","28"
"83","6","8"
"83","37","19"
"83","4","33"
"83","32","29"
"84","18","39"
"84","2","22"
"84","37","25"
"84","11","31"
"84","47","22"
"84","51","35"
"84","16","17"
"84","73","26"
"84","81","27"
"84","69","0"
"84","36","18"
"84","50","39"
"84","64","16"
"84","6","32"
"84","52","35"
"84","31","32"
"84","53","27"
"84","54","16"
"84","14","35"
"84","15","25"
"84","28","1"
"84","22","25"
"84","0","35"
"84","76","0"
"84","71","32"
"84","42","6"
"84","25","37"
"84","12","39"
"84","59","33"
"84","35","21"
"84","48","25"
"84","77","38"
"84","78","16"
"84","21","35"
"84","67","35"
"84","61","11"
"84","40","28"
"84","23","22"
"84","27","12"
"84","38","40"
"84","58","0"
"84","55","22"
"84","46","17"
"84","13","31"
"84","72","35"
"84","26","34"
"84","24","31"
"84","9","13"
"84","57","25"
"84","39","5"
"84","4","5"
"84","75","13"
"84","68","14"
"84","80","3"
"84","32","15"
"84","33","2"
"84","8","21"
"84","79","21"
"84","65","3"
"84","45","40"
"84","1","21"
"84","44","4"
"84","49","21"
"84","60","38"
"84","74","23"
"84","10","37"
"84","30","26"
"84","19","9"
"84","17","15"
"84","63","19"
"84","62","6"
"84","5","16"
"84","66","10"
"84","29","25"
"84","70","28"
"84","43","25"
"84","7","3"
"84","20","9"
"84","3","12"
"84","41","19"
"84","56","30"
"85","2","9"
"85","14","22"
"85","8","17"
"85","9","31"
"85","4","1"
"85","12","23"
"85","7","40"
"85","1","19"
"85","6","19"
"85","5","27"
"85","3","25"
"85","10","27"
"85","11","14"
"85","15","2"
"85","0","4"
"86","47","34"
"86","27","28"
"86","3","29"
"86","49","37"
"86","4","0"
"86","46","11"
"86","10","31"
"86","54","28"
"86","14","36"
"86","18","24"
"86","29","34"
"86","58","28"
"86","12","11"
"86","32","40"
"86","24","37"
"86","25","1"
"86","66","7"
"86","65","36"
"86","71","22"
"86","26","22"
"86","23","33"
"86","42","38"
"86","39","17"
"86","67","22"
"86","57","22"
"86","31","32"
"86","50","22"
"86","62","34"
"86","33","38"
"86","16","3"
"86","53","0"
"86","34","3"
"86","28","19"
"86","20","10"
"86","8","29"
"86","59","10"
"86","38","9"
"86","48","12"
"86","60","31"
"86","43","5"
"86","37","13"
"86","36","26"
"86","45","31"
"86","17","20"
"86","61","2"
"86","6","30"
"86","56","35"
"86","41","39"
"86","21","19"
"86","69","14"
"86","70","13"
"86","44","10"
"86","2","2"
"86","30","23"
"86","68","26"
"86","19","15"
"86","9","32"
"86","52","34"
"86","35","4"
"86","0","16"
"86","1","3"
"86","55","18"
"86","15","26"
"86","63","28"
"86","51","22"
"86","5","30"
"86","11","3"
"86","64","8"
"86","40","11"
"86","7","23"
"86","13","23"
"87","11","38"
"87","0","7"
"87","9","6"
"87","10","2"
"87","1","17"
"87","5","18"
"87","3","8"
"87","2","34"
"87","6","35"
"87","8","2"
"87","12","31"
"87","7","27"
"87","13","5"
"88","41","21"
"88","84","8"
"88","15","35"
"88","49","10"
"88","22","38"
"88","75","32"
"88","44","6"
"88","90","24"
"88","38","36"
"88","97","2"
"88","14","17"
"88","86","10"
"88","98","29"
"88","46","35"
"88","77","40"
"88","2","16"
"88","12","10"
"88","6","32"
"88","78","16"
"88","51","1"
"88","1","23"
"88","26","37"
"88","76","1"
"88","88","39"
"88","30","40"
"88","24","26"
"88","34","5"
"88","47","6"
"88","25","24"
"88","3","31"
"88","62","2"
"88","32","32"
"88","33","24"
"88","91","14"
"88","21","17"
"88","20","32"
"88","50","23"
"88","73","28"
"88","66","8"
"88","93","19"
"88","27","6"
"88","7","31"
"88","42","24"
"88","55","36"
"88","63","13"
"88","43","16"
"88","61","2"
"88","23","28"
"88","82","1"
"88","18","32"
"88","29","34"
"88","60","11"
"88","53","14"
"88","70","8"
"88","16","32"
"88","0","32"
"88","89","31"
"88","4","21"
"88","5","37"
"88","54","8"
"88","72","1"
"88","52","3"
"88","69","40"
"88","67","27"
"88","48","15"
"88","71","21"
"88","65","20"
"88","28","32"
"88","56","10"
"88","64","17"
"88","31","24"
"88","80","1"
"88","68","31"
"88","11","13"
"88","87","30"
"88","74","33"
"88","92","4"
"88","81","5"
"88","36","14"
"88","95","1"
"88","85","33"
"88","94","12"
"88","19","34"
"88","59","12"
"88","9","22"
"88","8","12"
"88","37","29"
"88","83","23"
"88","40","17"
"88","17","3"
"88","57","2"
"88","39","30"
"88","79","14"
"88","58","20"
"88","35","26"
"88","96","39"
"88","13","36"
"88","10","34"
"89","40","1"
"89","7","15"
"89","22","40"
"89","37","24"
"89","32","31"
"89","25","39"
"89","30","28"
"89","1","10"
"89","43","40"
"89","31","20"
"89","9","13"
"89","4","37"
"89","10","19"
"89","16","15"
"89","12","30"
"89","24","19"
"89","39","9"
"89","15","5"
"89","18","20"
"89","35","37"
"89","5","18"
"89","26","39"
"89","8","28"
"89","23","10"
"89","17","12"
"89","44","5"
"89","3","9"
"89","42","19"
"89","13","38"
"89","19","15"
"89","27","33"
"89","45","32"
"89","41","22"
"89","20","17"
"89","33","28"
"89","36","13"
"89","21","38"
"89","38","20"
"89","34","9"
"89","0","19"
"89","11","19"
"89","28","2"
"89","29","20"
"89","14","19"
"89","6","34"
"90","23","13"
"90","50","20"
"90","69","8"
"90","21","4"
"90","38","35"
"90","58","21"
"90","74","12"
"90","53","8"
"90","70","24"
"90","2","10"
"90","14","36"
"90","6","35"
"90","15","30"
"90","62","23"
"90","59","37"
"90","73","24"
"90","16","10"
"90","36","12"
"90","57","6"
"90","48","16"
"90","1","36"
"90","8","6"
"90","72","35"
"90","44","7"
"90","24","32"
"90","10","33"
"90","7","37"
"90","33","39"
"90","60","32"
"90","20","13"
"90","52","27"
"90","30","20"
"90","75","21"
"90","3","8"
"90","26","24"
"90","49","3"
"90","22","6"
"90","45","12"
"90","65","32"
"90","4","6"
"90","32","19"
"90","13","27"
"90","11","18"
"90","42","20"
"90","71","31"
"90","18","27"
"90","47","38"
"90","28","33"
"90","63","36"
"90","54","6"
"90","39","27"
"90","9","26"
"90","5","27"
"90","29","32"
"90","68","1"
"90","19","13"
"90","31","11"
"90","66","37"
"90","64","33"
"90","25","3"
"90","67","38"
"90","0","10"
"90","46","31"
"90","61","29"
"90","43","7"
"90","34","6"
"90","37","37"
"90","12","8"
"90","40","27"
"90","17","13"
"90","27","13"
"90","55","11"
"90","56","14"
"90","35","22"
"90","41","37"
"91","53","0"
"91","12","18"
"91","20","24"
"91","49","0"
"91","13","31"
"91","23","11"
"91","46","32"
"91","36","1"
"91","27","3"
"91","11","10"
"91","8","23"
"91","26","6"
"91","62","14"
"91","22","15"
"91","2","26"
"91","39","39"
"91","55","33"
"91","29","18"
"91","30","33"
"91","25","6"
"91","58","33"
"91","37","22"
"91","10","37"
"91","52","39"
"91","42","26"
"91","21","25"
"91","61","13"
"91","63","25"
"91","57","19"
"91","17","34"
"91","59","30"
"91","15","11"
"91","51","34"
"91","43","15"
"91","3","10"
"91","1","31"
"91","24","22"
"91","0","22"
"91","14","3"
"91","7","5"
"91","38","23"
"91","31","19"
"91","47","20"
"91","4","12"
"91","48","29"
"91","6","26"
"91","16","1"
"91","56","32"
"91","50","33"
"91","40","38"
"91","28","39"
"91","19","13"
"91","41","27"
"91","34","29"
"91","44","32"
"91","35","13"
"91","9","23"
"91","5","28"
"91","18","25"
"91","60","4"
"91","32","37"
"91","33","10"
"91","45","7"
"92","19","35"
"92","5","3"
"92","13","14"
"92","1","1"
"92","3","2"
"92","18","33"
"92","4","32"
"92","9","9"
"92","10","37"
"92","12","2"
"92","8","22"
"92","11","16"
"92","0","8"
"92","20","36"
"92","15","18"
"92","17","34"
"92","21","20"
"92","22","15"
"92","16","33"
"92","14","14"
"92","2","5"
"92","6","28"
"93","69","33"
"93","64","12"
"93","16","37"
"93","35","12"
"93","51","7"
"93","57","25"
"93","47","21"
"93","79","13"
"93","44","4"
"93","72","38"
"93","66","22"
"93","45","26"
"93","54","15"
"93","48","39"
"93","18","37"
"93","39","35"
"93","13","12"
"93","28","0"
"93","1","12"
"93","63","2"
"93","70","18"
"93","62","6"
"93","55","20"
"93","5","32"
"93","37","28"
"93","29","23"
"93","9","17"
"93","12","5"
"93","11","14"
"93","14","36"
"93","59","12"
"93","19","18"
"93","53","36"
"93","8","14"
"93","68","38"
"93","22","8"
"93","30","31"
"93","21","26"
"93","52","34"
"93","46","20"
"93","3","4"
"93","31","26"
"93","76","28"
"93","2","3"
"93","0","8"
"93","78","40"
"93","43","25"
"93","4","1"
"93","32","17"
"93","67","11"
"93","6","35"
"93","20","5"
"93","10","6"
"93","65","29"
"93","17","6"
"93","40","10"
"93","15","35"
"93","50","35"
"93","75","35"
"93","56","25"
"93","41","21"
"93","33","9"
"93","27","33"
"93","74","39"
"93","58","17"
"93","49","18"
"93","34","16"
"93","80","8"
"93","36","13"
"93","71","7"
"93","77","4"
"93","7","5"
"93","24","10"
"93","38","29"
"93","25","4"
"93","42","10"
"93","26","6"
"93","60","29"
"93","23","39"
"93","61","7"
"94","5","18"
"94","10","27"
"94","17","3"
"94","21","32"
"94","13","8"
"94","2","1"
"94","22","19"
"94","28","30"
"94","19","40"
"94","15","31"
"94","27","6"
"94","6","33"
"94","11","36"
"94","25","35"
"94","12","12"
"94","8","2"
"94","9","18"
"94","18","21"
"94","0","9"
"94","1","13"
"94","23","5"
"94","4","37"
"94","3","14"
"94","7","14"
"94","16","28"
"94","14","40"
"94","20","8"
"94","26","25"
"95","12","0"
"95","21","22"
"95","28","19"
"95","18","29"
"95","10","33"
"95","8","36"
"95","4","38"
"95","25","37"
"95","29","31"
"95","19","6"
"95","0","36"
"95","26","0"
"95","5","27"
"95","27","6"
"95","2","8"
"95","33","27"
"95","17","5"
"95","31","24"
"95","9","4"
"95","38","17"
"95","1","16"
"95","22","9"
"95","36","15"
"95","13","12"
"95","30","1"
"95","35","39"
"95","34","8"
"95","23","35"
"95","14","11"
"95","24","18"
"95","11","38"
"95","6","36"
"95","20","30"
"95","7","30"
"95","15","16"
"95","39","30"
"95","32","30"
"95","16","4"
"95","3","38"
"96","2","12"
"96","25","29"
"96","19","26"
"96","21","32"
"96","23","33"
"96","47","6"
"96","26","26"
"96","8","10"
"96","35","8"
"96","36","21"
"96","45","24"
"96","27","15"
"96","4","37"
"96","51","33"
"96","44","14"
"96","31","31"
"96","17","21"
"96","1","4"
"96","5","22"
"96","28","20"
"96","20","4"
"96","18","1"
"96","34","31"
"96","29","26"
"96","15","35"
"96","32","7"
"96","11","31"
"96","6","40"
"96","48","9"
"96","39","18"
"96","43","17"
"96","13","13"
"96","37","11"
"96","42","30"
"96","22","1"
"96","46","13"
"96","16","30"
"96","0","10"
"96","3","32"
"96","9","21"
"96","7","33"
"96","12","10"
"96","41","12"
"96","38","25"
"96","14","17"
"96","50","28"
"96","30","27"
"96","33","28"
"96","49","2"
"96","24","11"
"96","10","15"
"98","9","35"
"98","2","10"
"98","10","17"
"98","5","22"
"98","6","7"
"98","11","10"
"98","8","25"
"98","12","4"
"98","1","13"
"98","0","27"
"98","7","34"
"98","4","12"
"99","38","27"
"99","48","18"
"99","2","26"
"99","56","20"
"99","45","21"
"99","6","27"
"99","30","12"
"99","13","36"
"99","42","7"
"99","34","15"
"99","43","23"
"99","41","4"
"99","15","3"
"99","50","11"
"99","55","18"
"99","37","12"
"99","3","10"
"99","17","40"
"99","0","29"
"99","29","22"
"99","24","27"
"99","36","5"
"99","1","5"
"99","18","30"
"99","52","27"
"99","22","28"
"99","35","31"
"99","51","5"
"99","14","25"
"99","49","5"
"99","28","23"
"99","9","16"
"99","39","29"
"99","26","35"
"99","46","12"
"99","53","37"
"99","47","2"
"99","25","19"
"99","12","37"
"99","44","31"
"99","40","7"
"99","11","23"
"99","20","36"
"99","21","32"
"99","19","24"
"99","10","27"
"99","5","8"
"99","23","35"
"99","7","23"
"99","54","23"
"99","4","14"
"99","8","1"
"99","31","1"
"99","16","16"
"99","27","11"
"99","33","21"
"99","32","18"
