"21","0","Too could stuff above","3","1972-02-26 09:16:51","86","48","product","0"
"9","1","Both hear such over","1","2005-08-13 03:13:09","86","48","product","5"
"11","2","Place life yet no","9","2010-12-02 16:03:46","86","48","product","6"
"26","3","General fall","6","2003-10-14 04:51:29","86","48","product","5"
"57","4","Success imagine","2","2009-12-20 04:28:46","86","48","product","2"
"82","5","Course man including senior","5","1994-11-15 20:18:43","86","48","seller","5"
"59","6","Situation himself","0","1979-08-19 01:10:13","86","48","seller","4"
"10","7","Four bad case","2","1984-05-06 12:45:56","86","48","product","7"
"69","8","Impact capital six","0","2001-04-24 18:47:56","86","48","seller","9"
"71","9","Safe phone all","4","1998-03-11 02:52:00","86","48","seller","8"
"74","10","Arm audience white","4","2019-11-04 03:52:17","86","48","product","7"
"19","11","Kid position people bank gas","0","1985-08-07 22:10:31","86","48","product","3"
"44","12","Day condition","6","2021-04-07 03:32:06","86","48","product","2"
"92","13","Discuss politics maintain real town","1","2016-09-02 14:24:21","86","48","seller","6"
"50","14","Grow again own loss","0","2022-06-20 16:26:43","86","48","product","3"
"94","15","Together community participant attention teach","8","1987-10-07 01:04:29","86","48","seller","4"
"80","16","Name point firm","2","2004-01-10 20:07:34","86","48","seller","2"
"98","17","Pattern a","8","2021-05-19 06:00:36","86","48","seller","5"
"31","18","Answer tend possible move","9","2000-12-04 04:45:57","86","48","product","0"
"17","19","Green ball ask","9","2021-07-06 21:15:51","86","48","seller","0"
"79","20","House notice difference choice but","1","2010-08-09 07:05:17","86","48","product","9"
"65","21","Quite matter final why because","5","2008-11-20 09:15:18","86","48","seller","8"
"4","22","Office ok key series","7","2006-04-01 20:37:07","86","48","product","9"
"67","23","Fight especially study","9","1972-04-22 15:49:00","86","48","product","6"
"6","24","Majority want star","4","2015-05-09 05:56:08","86","48","product","1"
"45","25","Face develop hospital once I","0","1987-04-10 00:58:06","86","48","seller","4"
"12","26","Fund true high","7","1986-06-14 08:15:17","86","48","seller","5"
"40","27","Imagine ball old window","6","1983-07-11 02:29:02","86","48","product","9"
"93","28","Quite employee pay campaign tax","0","1973-10-05 18:55:38","86","48","product","0"
"95","29","About middle knowledge wind","3","2017-07-14 03:00:55","86","48","seller","7"
"60","30","Write product try forward watch","4","1988-12-25 21:09:01","86","48","product","2"
"18","31","Prove short part","9","2006-01-03 03:02:42","86","48","seller","7"
"88","32","Order when believe build measure","5","1977-09-04 22:43:54","86","48","seller","8"
"81","33","Ok minute size direction","4","2002-05-28 11:33:55","86","48","seller","9"
"62","34","Vote star free source someone","2","1999-05-08 01:54:27","86","48","seller","8"
"77","35","Large little either scene skill","1","2017-12-06 07:34:03","86","48","seller","6"
"66","36","Study her allow","6","1975-01-31 19:26:25","86","48","product","7"
"68","37","Second popular political hundred","6","1997-02-10 11:26:02","86","48","product","6"
"25","38","Administration quality Mr available","1","1984-04-04 18:00:49","86","48","product","7"
"70","39","Identify image agent","0","1971-06-29 06:25:29","86","48","product","7"
"27","40","Candidate other season mean","8","1975-05-23 19:44:01","86","48","product","0"
"76","41","Represent level city always","4","2009-10-27 05:50:59","86","48","product","0"
"5","42","Model family maintain view science","7","2017-10-22 22:59:07","86","48","product","4"
"14","43","Site information far thing","5","1983-07-29 21:48:37","86","48","product","2"
"7","44","Catch before American","5","1990-11-29 04:36:15","86","48","seller","7"
"0","45","Of out again officer here","1","2007-06-08 07:02:35","86","48","seller","6"
"53","46","History where across talk number","6","1997-11-27 13:24:42","86","48","product","8"
"55","47","Program car stand body both","5","1981-12-13 00:59:54","86","48","product","7"
"20","48","Shoulder money third technology","1","1987-12-20 05:49:44","86","48","seller","8"
"22","49","Each some news enjoy","2","2013-05-05 08:34:01","86","48","seller","0"
"37","50","Ground tend peace fight","7","1998-11-17 12:27:03","86","48","seller","7"
"8","51","Community night","5","2014-07-02 11:57:57","86","48","product","4"
"39","52","Citizen property most","6","1976-04-24 06:29:54","86","48","product","3"
"89","53","Behind tough drug at","9","1972-12-04 07:17:11","86","48","product","5"
"28","54","Actually process wear stay off","3","1977-06-04 03:42:25","86","48","product","5"
"85","55","Mention husband","1","2011-04-16 08:32:04","86","48","product","8"
"56","56","Region south hear","2","1978-03-25 20:27:07","86","48","seller","1"
"30","57","Claim difference expert system","9","1973-05-09 00:23:04","86","48","seller","3"
"87","58","Organization democratic","3","2017-03-20 05:01:16","86","48","product","9"
"42","59","Father support head her","0","1993-02-01 20:04:57","86","48","seller","6"
"16","60","Reveal close may life","3","1974-06-09 02:57:40","86","48","seller","9"
"73","61","Truth smile resource","8","2005-06-04 04:27:34","86","48","product","0"
"34","62","Message last team company campaign","3","2004-05-22 05:14:19","86","48","product","3"
"75","63","He television","8","1999-05-12 00:45:30","86","48","seller","3"
"78","64","Get share play","9","1990-02-02 02:23:24","86","48","seller","3"
"36","65","Nation form","2","2020-05-07 01:04:12","86","48","seller","6"
"90","66","Nation out training sing","5","1971-12-14 07:05:26","86","48","seller","7"
"64","67","Daughter between","6","2018-04-29 16:39:49","86","48","product","7"
"38","68","Necessary sense language quickly court","4","2013-04-01 11:39:14","86","48","seller","9"
"84","69","Account speech property","3","1971-04-01 15:09:15","86","48","product","8"
"86","70","Event not should next","6","1972-10-28 10:54:21","86","48","product","8"
"15","71","I political eye doctor","8","2001-04-13 09:48:46","86","48","seller","7"
"72","72","Also wind course focus","3","1999-02-15 12:43:31","86","48","product","2"
"1","73","Open range their","5","1977-04-15 22:19:33","86","48","product","6"
"3","74","Interest staff development computer","7","2012-04-01 20:38:02","86","48","product","0"
"51","75","Base your","4","2021-04-14 14:56:50","86","48","product","3"
"47","76","Of walk group organization","0","2010-02-20 19:58:57","86","48","seller","3"
"33","77","History party entire class","3","1973-06-30 22:29:16","86","48","seller","5"
"35","78","Community take nor","0","2014-01-23 16:39:49","86","48","seller","6"
"83","79","Church subject card","3","2007-04-19 09:53:45","86","48","product","1"
"46","80","Prevent dark person somebody","5","1981-12-31 00:46:04","86","48","seller","8"
"61","81","Court possible interest","9","2009-08-18 05:55:25","86","48","product","4"
"58","82","Able point respond","8","1996-01-18 16:20:14","86","48","product","6"
"32","83","As from else environment","7","1980-11-12 19:10:32","86","48","product","3"
"63","84","Light should report next","6","1991-01-25 05:51:50","86","48","product","4"
"49","85","Current practice candidate","1","2006-09-16 08:41:58","86","48","seller","6"
"99","86","Energy move training","9","1978-12-25 10:31:44","86","48","seller","1"
